<scheduled_executions>	
	<execution>
		<class_full_name>com.era7.bioinfo.bio4j.programs.InitBio4jDB</class_full_name>
		<arguments>
			<argument>bio4jdb</argument>
		</arguments>
	</execution>
	<execution>
		<class_full_name>com.era7.bioinfo.bio4j.programs.ImportEnzymeDB</class_full_name>
		<arguments>
			<argument>enzyme.dat</argument>
			<argument>bio4jdb</argument>
		</arguments>
	</execution>
	<execution>
		<class_full_name>com.era7.bioinfo.bio4j.programs.ImportRefSeq</class_full_name>
		<arguments>
			<argument>refseq_data</argument>
			<argument>bio4jdb</argument>
		</arguments>
	</execution>	
	
	<execution>
		<class_full_name>com.era7.bioinfo.bio4j.programs.ImportGeneOntology</class_full_name>
		<arguments>
			<argument>go.xml</argument>
			<argument>bio4jdb</argument>
		</arguments>
	</execution>		
	<execution>
		<class_full_name>com.era7.bioinfo.bio4j.programs.ImportUniprot</class_full_name>
		<arguments>
			<argument>uniprot_sprot.xml</argument>
			<argument>bio4jdb</argument>
		</arguments>
	</execution>	
	
	<execution>
		<class_full_name>com.era7.bioinfo.bio4j.programs.ImportUniprot</class_full_name>
		<arguments>
			<argument>uniprot_trembl.xml</argument>
			<argument>bio4jdb</argument>
		</arguments>
	</execution>	
	<execution>
		<class_full_name>com.era7.bioinfo.bio4j.programs.ImportProteinInteractions</class_full_name>
		<arguments>
			<argument>uniprot_sprot.xml</argument>
			<argument>bio4jdb</argument>
		</arguments>
	</execution>		
	<execution>
		<class_full_name>com.era7.bioinfo.bio4j.programs.ImportProteinInteractions</class_full_name>
		<arguments>
			<argument>uniprot_trembl.xml</argument>
			<argument>bio4jdb</argument>
		</arguments>
	</execution>	
	<!-- -->	
	<!-- -->
	<execution>
		<class_full_name>com.era7.bioinfo.bio4j.programs.ImportIsoformSequences</class_full_name>
		<arguments>
			<argument>isoform_sequences.fasta</argument>
			<argument>bio4jdb</argument>
		</arguments>
	</execution>		
	<execution>
		<class_full_name>com.era7.bioinfo.bio4j.programs.ImportUniref</class_full_name>
		<arguments>
			<argument>uniref100.xml</argument>
			<argument>uniref90.xml</argument>
			<argument>uniref50.xml</argument>
			<argument>bio4jdb</argument>
		</arguments>
	</execution>		
<!-- -->
	<execution>
		<class_full_name>com.era7.bioinfo.bio4j.programs.ImportNCBITaxonomy</class_full_name>
		<arguments>
			<argument>nodes.dmp</argument>
			<argument>names.dmp</argument>
			<argument>bio4jdb</argument>
		</arguments>
	</execution>
	<execution>
		<class_full_name>com.era7.bioinfo.bio4j.programs.IndexNCBITaxonomyByGiId</class_full_name>
		<arguments>
			<argument>gi_taxid_nucl.dmp</argument>
			<argument>bio4jdb</argument>
			<argument>batchInserter.properties</argument>
		</arguments>
	</execution>		
</scheduled_executions>